episode,return,length,mean_loss,epsilon,theta_norm
1,-227.0,69,19.094015093817227,0.99180625,4.25203375680753
2,-384.0,108,18.879978442633593,0.97898125,10.721857715882946
3,-164.0,48,24.39399879674117,0.97328125,13.404138501040569
4,-70.0,25,34.09937507867813,0.9703125,14.611843614544949
5,-475.0,120,13.086525027950605,0.9560625,21.56271972544298
6,17.0,1,669.4842529296875,0.95594375,21.604601108618045
7,-116.0,27,40.37367069410781,0.9527375,23.072723851715036
8,-525.0,120,16.383570255944505,0.9384875,29.87684172376188
9,-408.0,106,23.024354919018048,0.9259,36.11898130549746
10,-295.0,85,25.710863349016975,0.91580625,40.80140411354392
11,-208.0,61,28.418704346310896,0.9085625,44.085011287452836
12,-274.0,78,29.86227896580329,0.8993,48.492227147760495
13,-247.0,79,26.627225078548058,0.88991875,53.15782763311416
14,-93.0,31,62.438549545503435,0.8862375,54.814621226414694
15,-149.0,43,47.59464887148419,0.88113125,57.04194891083995
16,-1.0,7,250.83718810573086,0.8803,57.28909499436553
17,-428.0,116,28.3040738610615,0.866525,63.842750963487916
18,-193.0,51,55.51874808295101,0.86046875,66.71812883932157
19,-312.0,79,38.80802543555634,0.8510875,71.27134754211366
20,-415.0,120,6.806906596384943,0.8368375,77.80822967699979
21,-85.0,25,113.08522412538528,0.8338687499999999,79.33521702343954
22,-440.0,120,8.111606107108916,0.8196187500000001,85.92467517941223
23,-132.0,39,83.62460643979601,0.8149875,88.06133421646742
24,-32.0,9,369.28623161713284,0.81391875,88.49062284802413
25,-113.0,31,105.99882269290185,0.8102374999999999,90.14302600156459
26,-114.0,38,88.37636772545643,0.805725,92.0350752600605
27,-410.0,120,5.496849014951537,0.791475,98.3075605680649
28,-94.0,33,115.22443555137424,0.78755625,100.07659664133519
29,-95.0,35,103.29130399440017,0.7834,101.72501420803538
30,17.0,1,3904.0859375,0.78328125,101.74698868778009
31,-436.0,117,42.657083647882835,0.7693875,108.57518501380162
32,-199.0,48,94.40011154984434,0.7636875000000001,111.54465674884992
33,-28.0,16,263.5695418007672,0.7617875000000001,112.25592664267776
34,-199.0,63,72.98629840658535,0.75430625,115.51686243926684
35,-68.0,26,167.48267861161955,0.75121875,116.67701521253554
36,-192.0,54,89.59129540967169,0.74480625,119.48858102803695
37,-282.0,74,71.89187446391254,0.73601875,123.69214833041647
38,-220.0,60,92.68193923778212,0.72889375,126.83732507132906
39,-430.0,120,5.797262007774164,0.71464375,132.6669883021253
40,-277.0,84,70.81595208433767,0.70466875,137.15571243344186
41,-420.0,120,5.702647441726488,0.69041875,143.34868233284357
42,-57.0,19,327.05600500734226,0.6881625,144.45968160485126
43,8.0,4,1549.927282243967,0.6876875,144.60057459040402
44,-72.0,19,335.41513019564906,0.6854312499999999,145.46993823360035
45,1.0,3,2188.7169329325357,0.685075,145.61624839582635
46,9.0,2,3253.4605598449707,0.6848375,145.68898138457487
47,-116.0,42,140.26411527612004,0.6798500000000001,147.1893046598495
48,-98.0,36,175.67423827092475,0.675575,148.6347997978182
49,-289.0,83,86.09227187026654,0.66571875,152.89562859083807
50,-465.0,120,6.877707236308682,0.65146875,159.14969061684505
51,-136.0,52,142.53398337000712,0.64529375,161.56925457350326
52,-270.0,70,108.16698919159494,0.63698125,165.16832973799032
53,14.0,2,3834.9806167781353,0.6367437499999999,165.22935054417542
54,-97.0,34,231.4992671168464,0.63270625,166.56901077800305
55,-72.0,29,268.05639641706284,0.6292625000000001,167.73258688497296
56,-68.0,26,298.1907969524663,0.6261749999999999,168.82203902149448
57,-23.0,11,748.5905809294094,0.6248687500000001,169.29625129672837
58,-268.0,81,102.7839634412832,0.6152500000000001,172.79759203328038
59,-21.0,12,668.3001845820496,0.6138250000000001,173.20018110375923
60,-415.0,120,3.8887519916679594,0.599575,179.23293317897105
61,-268.0,81,112.7467483126179,0.58995625,183.46704670474887
62,-101.0,27,337.1658667119013,0.58675,184.93217189857745
63,-221.0,67,143.83572079163434,0.57879375,188.33714160050852
64,-188.0,66,142.65670647951916,0.57095625,191.1642424150631
65,-420.0,120,3.9858222666196523,0.55670625,197.1782337363204
66,-131.0,37,280.8016394100945,0.5523125,199.06838688312618
67,-9.0,8,1302.5660766270012,0.5513625,199.4063846771211
68,-212.0,59,178.64034254874213,0.54435625,202.45475960693045
69,-21.0,12,866.2587004721669,0.54293125,202.87584238118396
70,-134.0,48,212.46884110368168,0.53723125,204.46296845333632
71,-420.0,120,3.58856343824397,0.52298125,209.34872969521453
72,-349.0,108,109.27208811813465,0.5101562500000001,213.99456494996548
73,-21.0,12,962.1173663909236,0.5087312500000001,214.39541174690515
74,-227.0,74,157.0579049945809,0.49994375,217.3545850103006
75,-101.0,32,369.4069742760621,0.49614375,218.63095868094712
76,-283.0,91,137.85421113974854,0.4853375000000001,222.61394115570346
77,-19.0,13,923.8534008625609,0.48379375,222.99294937004174
78,5.0,5,2463.723512715101,0.48319999999999996,223.0983658823502
79,-50.0,20,614.0651406037621,0.48082500000000006,223.78538040804855
80,-10.0,10,1237.776810528338,0.47963750000000005,224.0468831726409
81,-297.0,84,153.13826050408673,0.4696625,227.756311657877
82,-98.0,31,415.06796598650755,0.46598125,229.0923923196709
83,-96.0,32,406.38457538210787,0.46218125,230.41978081454943
84,-159.0,53,241.12678522551607,0.4558875,232.44077706751455
85,-76.0,27,479.4589891880772,0.45268125000000003,233.31661444938936
86,-405.0,120,2.6954503143793165,0.43843125000000005,238.3105781131526
87,-377.0,119,120.04056715871748,0.4243,243.3868809696303
88,-7.0,9,1582.4262219167883,0.42323124999999995,243.6132468945398
89,-118.0,41,348.32548819972976,0.4183625000000001,244.96760787142858
90,-440.0,120,3.9352916191414504,0.4041125000000001,250.42688553747578
91,-205.0,65,232.71226564976746,0.39639375,253.20670363484652
92,-133.0,51,296.29206427440556,0.3903375,254.8368465496601
93,-46.0,22,691.3145317118192,0.3877250000000001,255.23437452173246
94,-283.0,91,176.52117221855949,0.3769187500000001,258.508273259774
95,-13.0,11,1427.1854668374765,0.3756125,258.7476109491158
96,-43.0,21,745.1538255140185,0.37311875000000005,259.1967798857173
97,-82.0,29,545.490813678845,0.3696750000000001,260.0824426083487
98,-224.0,78,208.54888651010324,0.3604125,262.60459969553085
99,-390.0,120,1.7725044268474448,0.34616250000000004,267.00798794230855
100,-57.0,24,700.4729039986463,0.3433125,267.88646878155305
101,-420.0,120,2.7968020055389693,0.32906250000000004,273.0199454710223
102,-49.0,23,754.1861523451946,0.3263312500000001,273.8091117685823
103,-209.0,68,260.9019812753549,0.31825625,276.3556500462764
104,-415.0,120,2.8614475847241314,0.30400625000000003,281.2571179654837
105,-375.0,120,1.0119993095038808,0.28975625000000005,285.34831374348437
106,-177.0,54,352.1939244233417,0.28334375,287.6081318391398
107,-49.0,18,1044.195416449168,0.28120625,288.42281246461766
108,-205.0,70,272.0509484811337,0.27289375000000005,290.4403176644042
109,-25.0,10,1915.0882775184757,0.27170625000000004,290.758954344058
110,-380.0,120,1.1413104116843897,0.25745625000000005,294.1199930513055
111,-22.0,14,1368.174304100901,0.25579375000000004,294.4238945593581
112,-16.0,12,1635.6809426412608,0.25436875000000003,294.5360095769276
113,-229.0,78,254.51261878547106,0.24510624999999997,296.33910843407085
114,-48.0,21,944.6128508022299,0.2426125,296.8416757612549
115,14.0,2,9913.201904426794,0.242375,296.8430772310515
116,5.0,5,3959.095359495282,0.24178125000000006,296.8135199498163
117,-400.0,120,1.9267457729695403,0.22753125000000007,300.2457522076707
118,-370.0,120,0.39897556022867015,0.2132812500000001,303.71520505442265
119,-415.0,120,1.752386419995067,0.19903125,308.24814349603145
120,-3.0,6,4207.793865297735,0.19831875,308.4533303941619
121,-10.0,10,2112.9715846251697,0.19713124999999998,308.5543598278106
122,-49.0,18,1175.1699369877654,0.19499375000000008,308.86648232893447
123,-410.0,120,1.9758544978530457,0.18074374999999998,312.55878822031224
124,-10.0,10,2167.2691169888944,0.17955625000000008,312.7685908243505
125,-62.0,24,899.7199588726993,0.17670625000000006,313.2600070727989
126,-4.0,8,2707.2574043503264,0.17575625000000006,313.31525532401065
127,-225.0,80,272.5170618764881,0.1662562500000001,314.6618162309339
128,-375.0,120,0.7100184431590606,0.15200625,317.29903827068244
129,-17.0,9,2491.654847683178,0.15093749999999995,317.4556809619258
130,-236.0,72,317.1530924673716,0.1423875,319.6104195931353
131,-250.0,90,253.1363907361377,0.13170000000000004,321.23602231264476
132,-40.0,20,1135.1349544682657,0.12932500000000002,321.52401980645243
133,-213.0,76,301.7730395390628,0.12029999999999996,322.4311760380035
134,-43.0,21,1089.439710291291,0.11780625,322.5984345901263
135,-375.0,120,0.8988680669552802,0.10355625000000002,325.0468956550731
136,-176.0,62,379.81399487838854,0.09619375000000008,326.42868071563504
137,-380.0,120,0.5059935987907617,0.08194375000000009,328.81188224614084
138,6.0,3,7952.262882272403,0.08158750000000003,328.89221021103555
139,-375.0,120,0.8911458358925302,0.06733750000000005,331.47750442149163
140,-183.0,66,364.05007067243,0.0595,332.53886051106866
141,-370.0,120,0.6849033531888078,0.050000000000000044,334.3793399251066
142,-1.0,7,3478.8256629583025,0.050000000000000044,334.4637382250877
143,-365.0,120,0.23175742087187245,0.050000000000000044,336.34995610041335
144,-151.0,57,433.96835642683794,0.050000000000000044,337.24166038613913
145,17.0,1,24845.55859375,0.050000000000000044,337.20858947022685
146,-365.0,120,0.39954981171370796,0.050000000000000044,338.62847797217233
147,-360.0,120,0.19275435035621438,0.050000000000000044,340.2064802715404
148,-365.0,120,0.3407185074621035,0.050000000000000044,341.8516331136945
149,11.0,3,8420.915783133978,0.050000000000000044,341.8682414779852
150,-380.0,120,0.37025937315581053,0.050000000000000044,343.49557629975385
151,-329.0,108,241.49718038719018,0.050000000000000044,345.5047541731517
152,-365.0,120,0.1784005747778186,0.050000000000000044,346.68461554595984
153,-375.0,120,0.7354805808417344,0.050000000000000044,348.35073471287524
154,-25.0,15,1750.2577102914142,0.050000000000000044,348.50952170457265
155,-249.0,88,299.4262371613295,0.050000000000000044,348.9478661365477
156,-385.0,120,1.1889961663555975,0.050000000000000044,350.6553072908636
157,-275.0,95,281.351412696585,0.050000000000000044,351.5002889401373
158,-370.0,120,0.48426823898334986,0.050000000000000044,352.203953697286
159,-1.0,7,3813.635520245115,0.050000000000000044,352.1753658069372
160,5.0,5,5357.436846937798,0.050000000000000044,352.07198638027137
161,-385.0,120,0.7215107197640463,0.050000000000000044,353.0961160753542
162,-365.0,120,0.2057448666387548,0.050000000000000044,353.84032636557976
163,-283.0,101,266.7439027791059,0.050000000000000044,354.07880037500126
164,-198.0,71,382.14480418910625,0.050000000000000044,354.3720458430659
165,-91.0,37,734.1223197200185,0.050000000000000044,354.00297381342716
166,-365.0,120,0.40857995135787256,0.050000000000000044,354.37168759474844
167,-360.0,120,0.1383182330231648,0.050000000000000044,354.6013717013796
168,-247.0,89,307.96506662626774,0.050000000000000044,354.6417095992799
169,-360.0,120,0.11653161813349773,0.050000000000000044,354.785091199588
170,-360.0,120,0.16839942234219052,0.050000000000000044,354.8706740666239
171,-96.0,37,733.0566382238113,0.050000000000000044,354.9303683911113
172,-4.0,8,3339.581226848066,0.050000000000000044,354.67227940910465
173,-176.0,62,435.65546912362333,0.050000000000000044,354.87267743163886
174,11.0,3,9010.455274045467,0.050000000000000044,354.7732550517302
175,-360.0,120,0.443259578277745,0.050000000000000044,354.126395382002
176,-360.0,120,0.17770686900670019,0.050000000000000044,354.1388543001177
177,-365.0,120,0.22590677472762763,0.050000000000000044,354.42660558993026
178,-252.0,89,303.35790581932406,0.050000000000000044,354.96409369470035
179,-193.0,71,384.0550640863104,0.050000000000000044,355.1234380465474
180,-360.0,120,0.3777698085041872,0.050000000000000044,354.723610496609
181,-365.0,120,0.203172603660884,0.050000000000000044,354.41383715756643
182,-136.0,52,521.7823212706224,0.050000000000000044,354.64422092781945
183,-370.0,120,0.13488355619871678,0.050000000000000044,354.76244252316224
184,-360.0,120,0.09764877264969982,0.050000000000000044,355.2270785620798
185,-360.0,120,0.3052615992627883,0.050000000000000044,355.2641182979221
186,-196.0,72,377.20401687206726,0.050000000000000044,355.42879583152796
187,-334.0,113,241.84675095967776,0.050000000000000044,355.5178551247462
188,-360.0,120,0.1433033675440432,0.050000000000000044,355.47028159010705
189,-365.0,120,0.1048122390289791,0.050000000000000044,355.6958079771253
190,-360.0,120,0.11523003993012632,0.050000000000000044,355.61961221753506
191,-365.0,120,0.1868005294740821,0.050000000000000044,355.5833784958178
192,-360.0,120,0.12538130684988574,0.050000000000000044,355.7335675667254
193,11.0,3,9063.073189338747,0.050000000000000044,355.7159209344586
194,17.0,1,27198.279296875,0.050000000000000044,355.65832444918254
195,-365.0,120,0.17450838818137224,0.050000000000000044,355.9170648216379
196,-365.0,120,0.17377943545775568,0.050000000000000044,356.05579136211225
197,-121.0,47,581.611875362075,0.050000000000000044,356.3243946444728
198,-375.0,120,0.16160533855242346,0.050000000000000044,355.94818355344927
199,-365.0,120,0.1055459965117431,0.050000000000000044,356.2915874848858
200,-76.0,32,865.8044912462719,0.050000000000000044,356.21198262060193
201,-365.0,120,0.1575553587579634,0.050000000000000044,356.43768082583523
202,-360.0,120,0.2816066567960661,0.050000000000000044,356.74812214817615
203,-10.0,10,2738.1535481254805,0.050000000000000044,356.7495784422877
204,-370.0,120,0.3054246414996063,0.050000000000000044,357.1280462330703
205,-365.0,120,0.14484825692488812,0.050000000000000044,357.3623041204122
206,-91.0,37,750.397048191847,0.050000000000000044,357.4125166124572
207,-360.0,120,0.12600234100827948,0.050000000000000044,357.3374958460139
208,14.0,2,13676.138151247054,0.050000000000000044,357.3063286593172
209,-360.0,120,0.054150349959187834,0.050000000000000044,356.9306436480342
210,-365.0,120,0.3181282380518193,0.050000000000000044,357.25206656155257
211,14.0,2,13495.101979482919,0.050000000000000044,357.23107236423317
212,-55.0,25,1087.1714087499306,0.050000000000000044,356.97716357282576
213,-304.0,108,256.17861039073347,0.050000000000000044,355.9693247405596
214,-360.0,120,0.38674580887309273,0.050000000000000044,355.4572978924473
215,-360.0,120,0.3684695097928246,0.050000000000000044,355.57819331688495
216,-370.0,120,0.27049552544097727,0.050000000000000044,355.91589596420107
217,-360.0,120,0.20016000310036663,0.050000000000000044,355.85642733411464
218,-360.0,120,0.07440373035497032,0.050000000000000044,355.8704392489632
219,-360.0,120,0.16814569590302805,0.050000000000000044,355.97173891511386
220,-360.0,120,0.16643024738295936,0.050000000000000044,355.6348856270993
221,-365.0,120,0.1297276665320775,0.050000000000000044,355.82665635812054
222,8.0,4,6744.7265203321,0.050000000000000044,355.77865199973706
223,-360.0,120,0.27068973711187333,0.050000000000000044,354.6003692538969
224,-52.0,24,1121.4067309902166,0.050000000000000044,354.66459177122545
225,-365.0,120,0.2723806200975863,0.050000000000000044,354.7941249425503
226,-365.0,120,0.21404765334640008,0.050000000000000044,355.3244061329731
227,-360.0,120,0.15106466480647213,0.050000000000000044,355.61346642105667
228,-297.0,104,261.18962591167656,0.050000000000000044,355.182116578946
229,-360.0,120,0.08212584950767148,0.050000000000000044,355.2819797797941
230,-226.0,82,332.9922341748862,0.050000000000000044,355.51511922842326
231,-360.0,120,0.0427697589310507,0.050000000000000044,355.71663472313185
232,-365.0,120,0.28067289814547014,0.050000000000000044,355.10642660862953
233,-58.0,26,1034.940844370473,0.050000000000000044,355.1813302297152
234,-360.0,120,0.4014799935782018,0.050000000000000044,354.56741359190073
235,-360.0,120,0.15346727838235286,0.050000000000000044,354.3237562156255
236,-360.0,120,0.08202310631750151,0.050000000000000044,354.7394014889663
237,-277.0,99,272.43573451383895,0.050000000000000044,354.8870033633945
238,-360.0,120,0.11937140673981048,0.050000000000000044,354.1315190893067
239,-365.0,120,0.1421145445589597,0.050000000000000044,354.4263520994171
240,-360.0,120,0.17628723965608514,0.050000000000000044,354.5633813667875
241,-360.0,120,0.030100748117547482,0.050000000000000044,354.8090925941724
242,8.0,4,6775.230472412193,0.050000000000000044,354.81300642909076
243,-370.0,120,0.104844240853951,0.050000000000000044,354.9402403486395
244,14.0,2,13560.194717466831,0.050000000000000044,354.8844772422429
245,-360.0,120,0.1478196074371226,0.050000000000000044,354.63600397097304
246,-360.0,120,0.12464293292335545,0.050000000000000044,354.85808122755213
247,-365.0,120,0.1982123673563668,0.050000000000000044,355.59854910418295
248,-365.0,120,0.20950564181160491,0.050000000000000044,355.7269735169095
249,-360.0,120,0.15507652972009964,0.050000000000000044,355.99152355603917
250,-360.0,120,0.23964415139441067,0.050000000000000044,355.8054463116044
251,-360.0,120,0.19046929060714318,0.050000000000000044,355.69605507195325
252,8.0,4,6820.549529938959,0.050000000000000044,355.6863578438875
253,-370.0,120,0.30199060969947217,0.050000000000000044,355.60420633409274
254,-360.0,120,0.2028648837741154,0.050000000000000044,355.4462753884193
255,-305.0,105,262.92675342073534,0.050000000000000044,355.7033031105418
256,-360.0,120,0.20455527204709748,0.050000000000000044,355.26362900492643
257,-360.0,120,0.18729644557267117,0.050000000000000044,355.5455864759117
258,-370.0,120,0.3868495071054591,0.050000000000000044,355.4860504031769
259,-370.0,120,0.16262960179010405,0.050000000000000044,355.64696768705903
260,-370.0,120,0.043483022049379844,0.050000000000000044,355.8773928616427
261,-54.0,23,1193.6092729520701,0.050000000000000044,355.98303593710756
262,-43.0,21,1300.7551356649824,0.050000000000000044,355.7258369780722
263,-347.0,119,229.68757569694992,0.050000000000000044,354.7148943165483
264,-360.0,120,0.17500276442733592,0.050000000000000044,354.7385535944042
265,-27.0,14,1934.3083880497975,0.050000000000000044,354.8410185385844
266,-133.0,51,532.637858423765,0.050000000000000044,354.6880781933613
267,-225.0,80,333.39933444366034,0.050000000000000044,354.7029952562425
268,-160.0,60,450.98213819281665,0.050000000000000044,354.16422303078554
269,-40.0,20,1366.620007409202,0.050000000000000044,353.9078104270235
270,-365.0,120,0.2837902843564128,0.050000000000000044,353.6767150237629
271,-365.0,120,0.10931066123885103,0.050000000000000044,354.1380546040626
272,-360.0,120,0.03397689023404382,0.050000000000000044,354.48616532419146
273,-360.0,120,0.07368073599645868,0.050000000000000044,354.77453227366817
274,-365.0,120,0.08565706375520676,0.050000000000000044,355.32957852534594
275,-370.0,120,0.06741827938822098,0.050000000000000044,355.7536344684338
276,-365.0,120,0.050069248998382436,0.050000000000000044,356.130626929923
277,-365.0,120,0.03194586440610389,0.050000000000000044,356.52080715927366
278,-365.0,120,0.13096508744832439,0.050000000000000044,356.88401915047973
279,-365.0,120,0.07203621249063871,0.050000000000000044,356.66706946044235
280,17.0,1,27603.58984375,0.050000000000000044,356.63198271292214
281,17.0,1,27429.18359375,0.050000000000000044,356.5666684681842
282,-360.0,120,0.2957710935753615,0.050000000000000044,356.0581446108908
283,-4.0,8,3432.738716759952,0.050000000000000044,356.02129720355214
284,-365.0,120,0.3652216881435985,0.050000000000000044,355.1948628921877
285,-360.0,120,0.6837643090189279,0.050000000000000044,355.3710868585119
286,-365.0,120,0.2528091270243749,0.050000000000000044,355.1998612137257
287,11.0,3,9078.15200288842,0.050000000000000044,355.1578489295288
288,9.0,2,13542.666265785694,0.050000000000000044,355.0438848315092
289,-307.0,109,249.3502570601274,0.050000000000000044,354.3664350816821
290,5.0,5,5392.903736785799,0.050000000000000044,354.2618370905198
291,8.0,4,6698.829120478593,0.050000000000000044,354.12668769453114
292,-274.0,98,277.3256030539431,0.050000000000000044,353.69845030760314
293,-149.0,48,562.5947943201027,0.050000000000000044,354.11467510539575
294,5.0,5,5360.232706962526,0.050000000000000044,354.0037020904584
295,-360.0,120,0.4114993311969253,0.050000000000000044,353.4236789959043
296,5.0,5,5323.105531495809,0.050000000000000044,353.38273779996666
297,-360.0,120,0.1767040283283374,0.050000000000000044,353.6988258038186
298,17.0,1,26694.9609375,0.050000000000000044,353.6788632096213
299,-365.0,120,0.3010720453845958,0.050000000000000044,353.17699285379564
300,8.0,4,6659.681307717226,0.050000000000000044,353.1830151458306
301,-360.0,120,0.26915287321899084,0.050000000000000044,353.3738448424699
302,-360.0,120,0.1904119273647666,0.050000000000000044,353.618327968164
303,-365.0,120,0.13549878442039093,0.050000000000000044,353.40818291318607
304,-365.0,120,0.08500194953133662,0.050000000000000044,353.65606084867255
305,-370.0,120,0.16231015593511983,0.050000000000000044,353.76915252923055
306,-365.0,120,0.08757627512095496,0.050000000000000044,354.0024607082555
307,-360.0,120,0.13947249816264956,0.050000000000000044,354.34320845050775
308,-360.0,120,0.09129556523597178,0.050000000000000044,354.7869574212812
309,-360.0,120,0.14794454097088117,0.050000000000000044,354.9383309111598
310,5.0,5,5377.171267003379,0.050000000000000044,354.90252292883184
311,-360.0,120,0.19654179439530708,0.050000000000000044,355.0513332164097
312,-360.0,120,0.13007203745655715,0.050000000000000044,355.04110677497613
313,-360.0,120,0.20102388413312536,0.050000000000000044,354.9802151176879
314,-365.0,120,0.7229861471821398,0.050000000000000044,354.40116746421705
315,-365.0,120,0.22169590072589926,0.050000000000000044,354.09710775259094
316,-360.0,120,0.15243877318183272,0.050000000000000044,354.2924341645613
317,-365.0,120,0.02711546720432428,0.050000000000000044,354.5041486446245
318,-40.0,20,1363.0433884065715,0.050000000000000044,354.5014545104152
319,8.0,4,6810.115313109942,0.050000000000000044,354.3604273899669
320,-360.0,120,0.1016577641130425,0.050000000000000044,354.06849619812266
321,-360.0,120,0.14686164078108657,0.050000000000000044,354.4102330368721
322,-9.0,8,3381.948491145391,0.050000000000000044,354.5535705291938
323,-365.0,120,0.5228685688925907,0.050000000000000044,354.1108252546087
324,-360.0,120,0.2555511102332578,0.050000000000000044,354.1467794661558
325,-365.0,120,0.08431453698625167,0.050000000000000044,354.3307622300102
326,-360.0,120,0.15879902167556187,0.050000000000000044,354.0012634599628
327,-360.0,120,0.1998658230547638,0.050000000000000044,354.14166149473294
328,-360.0,120,0.09208293068416727,0.050000000000000044,354.2799971861945
329,-360.0,120,0.015567633166210727,0.050000000000000044,354.73668161222065
330,-360.0,120,0.06849052867619321,0.050000000000000044,354.8684835611638
331,-166.0,62,440.55979527225116,0.050000000000000044,354.6702033227488
332,-141.0,52,522.7696117378431,0.050000000000000044,354.4410762912504
333,17.0,1,27298.0625,0.050000000000000044,354.35962819394365
334,-365.0,120,0.2514845686033368,0.050000000000000044,353.6330747575798
335,-360.0,120,0.3148952201474458,0.050000000000000044,353.3555994851362
336,-360.0,120,0.08237845945016792,0.050000000000000044,353.4152623419792
337,-82.0,34,799.0321797452224,0.050000000000000044,353.56718995475245
338,14.0,2,13496.932846911252,0.050000000000000044,353.4915299109018
339,11.0,3,9027.06967403988,0.050000000000000044,353.3548311807127
340,-360.0,120,0.17153761504062762,0.050000000000000044,352.9456956282368
341,-360.0,120,0.05457686900626868,0.050000000000000044,353.4357924361934
342,-360.0,120,0.12348136757500469,0.050000000000000044,353.81773865579436
343,-360.0,120,0.05293103044386953,0.050000000000000044,354.3314512483333
344,14.0,2,13606.750691100955,0.050000000000000044,354.32434602705473
345,-360.0,120,0.12189962083551412,0.050000000000000044,354.37046954776014
346,2.0,6,4540.400529190898,0.050000000000000044,354.3630729915294
347,-365.0,120,0.12289558554960725,0.050000000000000044,353.90899695401924
348,-365.0,120,0.13213070192141457,0.050000000000000044,354.2593395910685
349,17.0,1,27201.337890625,0.050000000000000044,354.2229391569665
350,-360.0,120,0.027266507434165654,0.050000000000000044,354.34418406578936
351,-360.0,120,0.2445945262676105,0.050000000000000044,354.0764339711837
352,-360.0,120,0.15547831107590657,0.050000000000000044,354.43469514848573
353,-365.0,120,0.11148937064378212,0.050000000000000044,354.95254964572376
354,-370.0,120,0.16406372517812998,0.050000000000000044,355.12779939938525
355,-370.0,120,0.4325158241748189,0.050000000000000044,355.0460357474788
356,-365.0,120,0.17724696750131747,0.050000000000000044,355.1328536618374
357,-365.0,120,0.08915357844671234,0.050000000000000044,355.47076510417844
358,-370.0,120,0.0714124708979701,0.050000000000000044,355.5556720648681
359,-360.0,120,0.18417400722003852,0.050000000000000044,355.4537867729784
360,-132.0,49,564.092710562017,0.050000000000000044,355.8746926588065
361,-360.0,120,0.13311047319633265,0.050000000000000044,355.56168153359835
362,-13.0,11,2515.9306927723173,0.050000000000000044,355.4527812347232
363,-365.0,120,0.24366688737645745,0.050000000000000044,354.8893423484284
364,14.0,2,13472.853625677526,0.050000000000000044,354.8226119309478
365,3.0,4,6811.075909476727,0.050000000000000044,354.54297165505903
366,-360.0,120,0.53020787218508,0.050000000000000044,353.87305721826294
367,-370.0,120,0.2403984786379927,0.050000000000000044,353.59731134971884
368,-193.0,66,412.5258626342666,0.050000000000000044,353.7279641988317
369,-370.0,120,0.052773368385775635,0.050000000000000044,353.55136870403993
370,-226.0,82,332.1573818526941,0.050000000000000044,353.65541469592966
371,-365.0,120,0.15288079326273873,0.050000000000000044,353.6505823196111
372,-365.0,120,0.09820675334388701,0.050000000000000044,353.70432567329453
373,-375.0,120,0.06353597988490947,0.050000000000000044,354.52499030392767
374,-360.0,120,0.22749861679427946,0.050000000000000044,354.5256238535517
375,-370.0,120,0.058093812828883526,0.050000000000000044,355.0020686559446
376,-294.0,103,267.40988264897686,0.050000000000000044,355.16428307017304
377,-360.0,120,0.12168085309094749,0.050000000000000044,354.75981641633257
378,-112.0,44,617.186003074087,0.050000000000000044,354.60048492105875
379,-270.0,95,285.93200741473487,0.050000000000000044,353.5088953088734
380,-126.0,47,587.0603292507734,0.050000000000000044,353.0496822332517
381,11.0,3,8736.607216020735,0.050000000000000044,352.9555290241959
382,-360.0,120,0.2743872523967487,0.050000000000000044,352.096555471649
383,-365.0,120,0.3781764112451735,0.050000000000000044,352.20553968883
384,-283.0,101,273.38388430501686,0.050000000000000044,352.4101891351185
385,-360.0,120,0.11210287933354265,0.050000000000000044,352.69719661488665
386,-25.0,15,1796.889045801588,0.050000000000000044,352.82494995748243
387,-365.0,120,0.21441039934870787,0.050000000000000044,352.9033264401173
388,-10.0,10,2715.776724848244,0.050000000000000044,353.01852930299566
389,2.0,6,4499.1385795250535,0.050000000000000044,352.8839165982916
390,-13.0,11,2427.418260162273,0.050000000000000044,352.72513865260584
391,-370.0,120,0.5883779139646018,0.050000000000000044,352.2605902417981
392,-40.0,20,1350.3047476179431,0.050000000000000044,352.30379623806215
393,-370.0,120,0.2798831903686126,0.050000000000000044,352.1004495346463
394,-365.0,120,0.11523869669375321,0.050000000000000044,352.5163947871787
395,-37.0,19,1452.4883912630673,0.050000000000000044,352.422110188904
396,-360.0,120,0.21314536407395887,0.050000000000000044,352.50834985678
397,-370.0,120,0.21757838406677668,0.050000000000000044,352.31078698359494
398,-4.0,8,3374.502466536709,0.050000000000000044,352.2920873987237
399,-195.0,70,384.8320804349413,0.050000000000000044,352.35485708657404
400,-365.0,120,0.2882773383753374,0.050000000000000044,352.40134368536394
401,-360.0,120,0.13435673729982228,0.050000000000000044,352.73027717719384
402,-360.0,120,0.14640981311871049,0.050000000000000044,353.01661500381255
403,-360.0,120,0.48524600044668964,0.050000000000000044,352.9267529796374
404,-360.0,120,0.18044036065111868,0.050000000000000044,353.1363549059343
405,-365.0,120,0.22364300412203494,0.050000000000000044,353.15820087285243
406,-360.0,120,0.14531838909994502,0.050000000000000044,353.0880954167104
407,-10.0,10,2721.5587311755166,0.050000000000000044,353.09275848387205
408,-360.0,120,0.1908821524392503,0.050000000000000044,352.77167611466484
409,-360.0,120,0.09465622214484029,0.050000000000000044,353.16443363892125
410,-49.0,23,1207.8105829517235,0.050000000000000044,353.2197218092444
411,-360.0,120,0.10255397839161257,0.050000000000000044,353.14596729787246
412,-7.0,9,3002.3528371125253,0.050000000000000044,353.14198521097717
413,-360.0,120,0.1943241982507364,0.050000000000000044,353.0651166038639
414,-76.0,32,854.1226174398325,0.050000000000000044,353.20296152672614
415,-214.0,78,349.7674854995432,0.050000000000000044,352.85109399185654
416,5.0,5,5428.181722403737,0.050000000000000044,352.7172036933413
417,-268.0,96,285.11443247455946,0.050000000000000044,352.5722000526984
418,-360.0,120,0.29613166881608777,0.050000000000000044,352.2871864243007
419,8.0,4,6793.689812935889,0.050000000000000044,352.2493346338641
420,-360.0,120,0.39617907895008103,0.050000000000000044,351.98993460395997
421,-49.0,23,1170.721928561906,0.050000000000000044,351.94208951900026
422,-365.0,120,0.05531301144510507,0.050000000000000044,352.2994609082591
423,-163.0,61,443.01366658467174,0.050000000000000044,352.5305948602192
424,11.0,3,9005.991468544506,0.050000000000000044,352.42158369806185
425,-360.0,120,0.14383917921998848,0.050000000000000044,352.2669664118394
426,-360.0,120,0.3591424935574954,0.050000000000000044,352.3034580620803
427,-360.0,120,0.5120678217169673,0.050000000000000044,352.3768013877332
428,-360.0,120,0.15205340219739202,0.050000000000000044,352.7893150043663
429,-250.0,90,306.95488846522704,0.050000000000000044,352.9138029940881
430,-365.0,120,0.06281257092487066,0.050000000000000044,353.09502085132834
431,-7.0,9,3018.44502533786,0.050000000000000044,353.1181747128006
432,-244.0,88,312.08984176370853,0.050000000000000044,353.1284125941298
433,-360.0,120,0.2568496869818773,0.050000000000000044,352.7578290236802
434,-360.0,120,0.22243869643037517,0.050000000000000044,353.1015423624626
435,-360.0,120,0.11640056314645335,0.050000000000000044,353.0024289487963
436,-148.0,56,487.42295493075756,0.050000000000000044,352.960791466276
437,-61.0,27,1009.3085864111177,0.050000000000000044,352.560599844197
438,-365.0,120,0.1548057145924152,0.050000000000000044,352.2731539586859
439,-360.0,120,0.10728658053752345,0.050000000000000044,352.84835402407646
440,-365.0,120,0.14599904563316765,0.050000000000000044,353.1158074024724
441,-360.0,120,0.05145939372790356,0.050000000000000044,353.217266707051
442,-360.0,120,0.1124196528204872,0.050000000000000044,353.46384185656103
443,-360.0,120,0.14963169241673313,0.050000000000000044,353.4812693941505
444,-360.0,120,0.10157193101476877,0.050000000000000044,353.7936148024721
445,-360.0,120,0.2253117104060948,0.050000000000000044,353.796292244916
446,-360.0,120,0.11762430209006804,0.050000000000000044,353.93039238846103
447,-360.0,120,0.33782684133038854,0.050000000000000044,353.2617821371992
448,-229.0,83,327.66089601105597,0.050000000000000044,353.27256872349994
449,-360.0,120,0.21596948887066295,0.050000000000000044,353.04922859638145
450,8.0,4,6742.196510592068,0.050000000000000044,353.0398569920966
451,-370.0,120,0.24521955504703025,0.050000000000000044,352.85429889686765
452,17.0,1,27086.048828125,0.050000000000000044,352.8252654909368
453,5.0,5,5414.709573484957,0.050000000000000044,352.6900750836349
454,17.0,1,26733.876953125,0.050000000000000044,352.6265287099086
455,-106.0,42,632.3975598347828,0.050000000000000044,352.3167963637272
456,17.0,1,26034.05078125,0.050000000000000044,352.25989162832605
457,-365.0,120,0.929548720997991,0.050000000000000044,352.6932593008406
458,-166.0,62,434.1375317098122,0.050000000000000044,352.85951856758805
459,-4.0,8,3402.21385777439,0.050000000000000044,352.69674252465103
460,-360.0,120,0.3484018030576408,0.050000000000000044,352.70762391639624
461,-360.0,120,0.1824809515887561,0.050000000000000044,352.8432559667961
462,-360.0,120,0.08398519721619474,0.050000000000000044,353.15036413332496
463,-148.0,56,483.7759739349255,0.050000000000000044,353.2324283492386
464,-360.0,120,0.4133897688026385,0.050000000000000044,352.4832332005311
465,-365.0,120,0.42439348065915206,0.050000000000000044,352.8498651604532
466,-360.0,120,0.11196473809541203,0.050000000000000044,353.24413919412734
467,-360.0,120,0.2426368611321474,0.050000000000000044,353.229906983398
468,-360.0,120,0.1483032145013567,0.050000000000000044,353.3101063513468
469,2.0,6,4509.1843874181695,0.050000000000000044,353.2762231508795
470,-1.0,7,3857.7693295835384,0.050000000000000044,353.0989813423426
471,-4.0,8,3370.3364666305715,0.050000000000000044,352.8560148098655
472,-370.0,120,0.2922105614328757,0.050000000000000044,352.4403207459385
473,-360.0,120,0.46465446779426806,0.050000000000000044,352.5636688954209
474,-163.0,61,456.14447252613445,0.050000000000000044,352.4344908099944
475,17.0,1,26869.900390625,0.050000000000000044,352.3728992931352
476,14.0,2,13336.287579309195,0.050000000000000044,352.23991402345365
477,-360.0,120,0.0678674910935418,0.050000000000000044,351.85623284766467
478,-61.0,27,1002.6703043641799,0.050000000000000044,351.9631106380326
479,-365.0,120,0.22959371860100267,0.050000000000000044,352.258006473948
480,11.0,3,9093.033952772617,0.050000000000000044,352.225680051157
481,-360.0,120,0.23546146764225948,0.050000000000000044,352.0636372695993
482,-360.0,120,0.08761410332711723,0.050000000000000044,352.478218520308
483,-360.0,120,0.0374557965900749,0.050000000000000044,352.9146442041616
484,-49.0,23,1177.1397379415068,0.050000000000000044,353.05868293210125
485,-267.0,94,292.8637218228888,0.050000000000000044,353.12469026535086
486,-360.0,120,0.04794320665920774,0.050000000000000044,353.2896352941167
487,-139.0,53,521.4528927773738,0.050000000000000044,353.42590056120673
488,2.0,6,4557.180280966684,0.050000000000000044,353.2282758270493
489,-360.0,120,0.21008756069350057,0.050000000000000044,352.4023579305337
490,-365.0,120,0.11751902248167122,0.050000000000000044,352.664046491133
491,-365.0,120,0.04333744871158463,0.050000000000000044,353.2088838421254
492,-370.0,120,0.0039061258857448896,0.050000000000000044,353.4410200974131
493,-360.0,120,0.04528978762876553,0.050000000000000044,353.75420713045946
494,-360.0,120,0.12263120477631068,0.050000000000000044,353.904195634214
495,-365.0,120,0.17125505450336884,0.050000000000000044,353.78000093631636
496,-370.0,120,0.09277546433537888,0.050000000000000044,353.98606302014207
497,-360.0,120,0.12613965899217874,0.050000000000000044,354.11294322927534
498,-365.0,120,0.1647494520545782,0.050000000000000044,353.8491965601307
499,-360.0,120,0.40056573738111184,0.050000000000000044,353.588556358234
500,11.0,3,9034.071390777826,0.050000000000000044,353.54389976705863
501,-365.0,120,0.2987414155116615,0.050000000000000044,353.3340034142624
502,-152.0,54,508.8469428015373,0.050000000000000044,353.6463021597285
503,-360.0,120,0.1775665023829788,0.050000000000000044,352.9821281771926
504,-365.0,120,0.14354381004037955,0.050000000000000044,352.83524063116204
505,-360.0,120,0.22667615314712747,0.050000000000000044,353.0386066884187
506,-365.0,120,0.17737887793725046,0.050000000000000044,353.48359005405047
507,14.0,2,13627.433449864388,0.050000000000000044,353.4753461169534
508,-1.0,7,3927.1538938574627,0.050000000000000044,353.42236926056336
509,-380.0,120,0.17692000015716378,0.050000000000000044,353.0517069955901
510,-360.0,120,0.21895746702030927,0.050000000000000044,352.85563841676105
511,-1.0,7,3909.5824827107467,0.050000000000000044,352.90006110087313
512,14.0,2,13508.53945064079,0.050000000000000044,352.84117465405023
513,-360.0,120,0.1155603530506293,0.050000000000000044,352.85868276124364
514,5.0,5,5461.146111299097,0.050000000000000044,352.7558302583389
515,-365.0,120,0.07932648972297708,0.050000000000000044,352.6230170982887
516,-370.0,120,0.27836737367130504,0.050000000000000044,353.57812741669983
517,-360.0,120,0.08796930470853112,0.050000000000000044,353.8516693563138
518,14.0,2,13565.74662489444,0.050000000000000044,353.83017532249846
519,11.0,3,9065.377161716731,0.050000000000000044,353.7536881433182
520,-370.0,120,0.057920697102478394,0.050000000000000044,353.46975427538354
521,-6.0,7,3930.7028591574303,0.050000000000000044,353.51133181094775
522,-365.0,120,0.16340494162092606,0.050000000000000044,353.7425076503388
523,-139.0,53,518.0347012407717,0.050000000000000044,353.94390666106966
524,-243.0,86,317.22199918351106,0.050000000000000044,353.75670267501647
525,-3.0,6,4592.689850424144,0.050000000000000044,353.50471288407175
526,-187.0,69,397.8403571494416,0.050000000000000044,352.8387279887938
527,-365.0,120,0.5696664524710893,0.050000000000000044,352.66073463032427
528,-375.0,120,0.2299295052556166,0.050000000000000044,352.5337694374115
529,-365.0,120,0.2374891584467453,0.050000000000000044,352.7737744468826
530,-365.0,120,0.3871316394555227,0.050000000000000044,352.47158573422627
531,-360.0,120,0.18447583239952411,0.050000000000000044,352.95639226928586
532,-232.0,84,323.6544052112038,0.050000000000000044,352.76996532797403
533,-70.0,30,922.1888831999308,0.050000000000000044,352.3810581689232
534,-22.0,14,1898.1767751332372,0.050000000000000044,352.0408301514897
535,-1.0,7,3867.1345435346675,0.050000000000000044,351.7574459499756
536,-4.0,8,3367.735312522389,0.050000000000000044,351.3987674281172
537,-174.0,63,424.0540524245691,0.050000000000000044,350.50852566307145
538,-9.0,8,3365.262442388106,0.050000000000000044,350.2203101263546
539,6.0,3,8925.25789919185,0.050000000000000044,350.05470554614743
540,-10.0,10,2688.6441581119084,0.050000000000000044,349.6567513290713
541,-1.0,7,3791.5750974536472,0.050000000000000044,349.41003290367894
542,-360.0,120,0.3553561556036584,0.050000000000000044,349.0422106905553
543,2.0,6,4393.732365401617,0.050000000000000044,349.0511132878679
544,-204.0,73,369.9055619703874,0.050000000000000044,349.6069779945761
545,5.0,5,5237.138818788715,0.050000000000000044,349.50126296266797
546,8.0,4,6610.0586811080575,0.050000000000000044,349.36218670600283
547,11.0,3,8847.762899165353,0.050000000000000044,349.23471579834387
548,-375.0,120,0.3500509301375132,0.050000000000000044,349.4473370999556
549,-380.0,120,0.45700671860443737,0.050000000000000044,349.3996301693807
550,-365.0,120,0.44948507703181045,0.050000000000000044,349.2567610744995
551,-85.0,35,769.9330951111391,0.050000000000000044,349.2791852068342
552,11.0,3,8729.877614938965,0.050000000000000044,349.1724032444431
553,-360.0,120,0.1385609207927094,0.050000000000000044,349.42376672172713
554,8.0,4,6630.787449458847,0.050000000000000044,349.44526350703336
555,-365.0,120,0.356860065444683,0.050000000000000044,349.72460705711
556,8.0,4,6579.951988897752,0.050000000000000044,349.7479002796157
557,11.0,3,8850.639776807357,0.050000000000000044,349.70863430325824
558,-13.0,11,2416.410710069457,0.050000000000000044,349.5831613775898
559,-360.0,120,0.29671813509388206,0.050000000000000044,349.293857974557
560,-91.0,37,725.1124756713335,0.050000000000000044,349.43178764781834
561,-175.0,65,411.02015446721794,0.050000000000000044,349.6152349369232
562,17.0,1,26238.54296875,0.050000000000000044,349.57559089558873
563,-360.0,120,0.12635361967259087,0.050000000000000044,349.8111153269004
564,-360.0,120,0.15616048173978925,0.050000000000000044,350.1612798054634
565,17.0,1,25995.947265625,0.050000000000000044,350.1395369170697
566,-22.0,14,1950.8871982092471,0.050000000000000044,350.1112769534852
567,-360.0,120,0.15198842422493422,0.050000000000000044,350.56508512150776
568,-1.0,7,3841.168677802597,0.050000000000000044,350.64961477770083
569,-96.0,37,727.4447846449219,0.050000000000000044,350.73395143256374
570,-360.0,120,0.30718652783931855,0.050000000000000044,351.0274595295217
571,-24.0,13,2070.3142783072276,0.050000000000000044,350.84720565903046
572,-365.0,120,0.19632786532165483,0.050000000000000044,351.03108169006913
573,-365.0,120,0.15164695563532102,0.050000000000000044,351.28103176979255
574,-360.0,120,0.047001793941793345,0.050000000000000044,351.4312310484798
575,14.0,2,13476.873330168426,0.050000000000000044,351.4075158380936
576,-360.0,120,0.06028559030770945,0.050000000000000044,351.4131238211658
577,-205.0,75,359.99099856781464,0.050000000000000044,351.7765459510483
578,-360.0,120,0.11414567287623262,0.050000000000000044,352.03577588080447
579,17.0,1,26674.865234375,0.050000000000000044,352.0074961470991
580,17.0,1,26624.90625,0.050000000000000044,351.9611406551155
581,-370.0,120,0.2116663555886286,0.050000000000000044,351.62253376312503
582,-375.0,120,0.11738709101337008,0.050000000000000044,352.0885453263142
583,-190.0,70,387.85822206883955,0.050000000000000044,352.36138121075356
584,14.0,2,13560.268723130226,0.050000000000000044,352.30064176424656
585,-370.0,120,0.0991180865171676,0.050000000000000044,352.3069728588976
586,-216.0,77,353.89806291817797,0.050000000000000044,352.6277693971364
587,3.0,4,6719.613207878545,0.050000000000000044,352.54679432310826
588,-360.0,120,0.14650874693567553,0.050000000000000044,352.6336072150526
589,-139.0,53,513.6951721155366,0.050000000000000044,352.9833178157999
590,-365.0,120,0.2856108511856291,0.050000000000000044,352.76188742372665
591,-365.0,120,0.40256269059027544,0.050000000000000044,352.6494807170429
592,-375.0,120,0.11036528513456384,0.050000000000000044,352.27214488588226
593,-365.0,120,0.08362097965048937,0.050000000000000044,352.6139997398005
594,-360.0,120,0.026104489411814372,0.050000000000000044,353.037693853291
595,-365.0,120,0.016083232606373107,0.050000000000000044,353.32315789691734
596,11.0,3,9029.16655923923,0.050000000000000044,353.27299995895527
597,-360.0,120,0.11832710697199218,0.050000000000000044,353.2446865753964
598,-360.0,120,0.13048316146208283,0.050000000000000044,353.382190632536
599,-365.0,120,0.13025021315164242,0.050000000000000044,353.46927354969625
600,17.0,1,27460.84765625,0.050000000000000044,353.4530169007615
601,-360.0,120,0.1224655879874869,0.050000000000000044,353.7079866835777
602,-360.0,120,0.21888869276153855,0.050000000000000044,353.7567744492676
603,-360.0,120,0.14420014690064514,0.050000000000000044,353.2621470399143
604,-365.0,120,0.099017299618572,0.050000000000000044,353.02327074500346
605,-370.0,120,0.04120602875288266,0.050000000000000044,353.4420368851164
606,-365.0,120,0.11828872267894136,0.050000000000000044,353.8372131892009
607,-360.0,120,0.07484387567771288,0.050000000000000044,354.04040641570845
608,-370.0,120,0.024691640125820414,0.050000000000000044,354.0445549291784
609,-360.0,120,0.12915943989064543,0.050000000000000044,354.101956098099
610,14.0,2,13714.863651242107,0.050000000000000044,354.07502184388835
611,-375.0,120,0.20235167676388907,0.050000000000000044,353.7406690465488
612,-360.0,120,0.43286664835565414,0.050000000000000044,354.1332674202609
613,-52.0,24,1141.1810732495312,0.050000000000000044,354.0860704864002
614,-13.0,11,2472.3017725294285,0.050000000000000044,353.8316491461723
615,-375.0,120,0.33942436456369857,0.050000000000000044,353.1813229419132
616,-1.0,7,3931.8679018616676,0.050000000000000044,353.1769707331581
617,-360.0,120,0.3376390180841554,0.050000000000000044,352.5240240040386
618,-360.0,120,0.30054820458365916,0.050000000000000044,352.46782876242764
619,-365.0,120,0.3024181356964012,0.050000000000000044,351.77837261193304
620,14.0,2,13511.281209778506,0.050000000000000044,351.76011112866394
621,-28.0,16,1699.960756330489,0.050000000000000044,351.6181011587714
622,-360.0,120,0.16011785881128163,0.050000000000000044,351.4847302871065
623,14.0,2,13302.978261500597,0.050000000000000044,351.46218013109177
624,-360.0,120,0.12106354110292158,0.050000000000000044,351.7107965004771
625,-70.0,30,909.588564635495,0.050000000000000044,351.9625557143828
626,-365.0,120,0.0932020405967099,0.050000000000000044,352.13878877865756
627,-360.0,120,0.5442907144761799,0.050000000000000044,352.45388661142607
628,-193.0,71,385.0905550649606,0.050000000000000044,352.28591681686623
629,-365.0,120,0.23233473201592764,0.050000000000000044,352.18570873546247
630,-365.0,120,0.3061613427901951,0.050000000000000044,352.23374807256897
631,-360.0,120,0.23117657649175574,0.050000000000000044,352.0070966525391
632,-28.0,16,1677.3703075628728,0.050000000000000044,351.81052362209124
633,-286.0,102,269.89036535323993,0.050000000000000044,351.3294171785221
634,-360.0,120,0.21543212991091423,0.050000000000000044,351.08250009791146
635,-259.0,93,292.2587132312067,0.050000000000000044,351.31608586499425
636,-365.0,120,0.3439070770846835,0.050000000000000044,350.5809241459096
637,-370.0,120,0.16950855783652513,0.050000000000000044,350.51771420108
638,-360.0,120,0.051861798454774545,0.050000000000000044,351.0055978008043
639,-46.0,22,1217.5988858113362,0.050000000000000044,351.09986782609303
640,-322.0,114,237.92449213862992,0.050000000000000044,351.22995383188777
641,-232.0,84,321.10355626709116,0.050000000000000044,351.14204301820655
642,14.0,2,13668.725447781384,0.050000000000000044,351.06858638127966
643,-375.0,120,0.17267889871921702,0.050000000000000044,351.2581071128466
644,-283.0,101,266.62415324767017,0.050000000000000044,351.2621439181854
645,-370.0,120,0.4832699422549922,0.050000000000000044,351.1945797026201
646,-360.0,120,0.236112270966017,0.050000000000000044,351.48298545235446
647,-360.0,120,0.16673610967894395,0.050000000000000044,351.5403826376139
648,-360.0,120,0.22514287664283378,0.050000000000000044,351.6712998312487
649,-360.0,120,0.08036850917657527,0.050000000000000044,351.81684688201045
650,-360.0,120,0.04395373014849611,0.050000000000000044,352.0619840667265
651,-360.0,120,0.2672525451867841,0.050000000000000044,351.75128819948907
652,-370.0,120,0.37474262991842505,0.050000000000000044,351.668867242325
653,-365.0,120,0.2585310706713547,0.050000000000000044,351.6946196187113
654,-360.0,120,0.15734689658274875,0.050000000000000044,351.76424766809373
655,-360.0,120,0.13828730823200505,0.050000000000000044,351.63747533859356
656,-360.0,120,0.041081752150785175,0.050000000000000044,351.5402937431213
657,-360.0,120,0.07296285534393973,0.050000000000000044,351.5680943999327
658,-360.0,120,0.05279547314858064,0.050000000000000044,351.75599675058845
659,-365.0,120,0.09173954283663383,0.050000000000000044,352.318914035991
660,-360.0,120,0.07625032116581375,0.050000000000000044,352.6395889396141
661,-127.0,49,561.3237654996836,0.050000000000000044,352.7047056320627
662,8.0,4,6866.27647396602,0.050000000000000044,352.5894611655317
663,-365.0,120,0.4692803305496151,0.050000000000000044,352.31036565789543
664,-259.0,93,296.15529453385153,0.050000000000000044,352.45989909314505
665,-365.0,120,0.2456502123173171,0.050000000000000044,351.881172237163
666,-169.0,63,430.5607346066658,0.050000000000000044,352.0119515904254
667,17.0,1,26960.541015625,0.050000000000000044,351.9486823387751
668,-365.0,120,0.526139205925089,0.050000000000000044,351.1551250871899
669,-360.0,120,0.22857416539918632,0.050000000000000044,350.9407056843791
670,-360.0,120,0.13197544561699032,0.050000000000000044,351.25903569338965
671,-360.0,120,0.0967301054042764,0.050000000000000044,351.63813075376225
672,-360.0,120,0.025666893277472506,0.050000000000000044,352.17732349982447
673,-365.0,120,0.12054927950181688,0.050000000000000044,352.22889064676394
674,-365.0,120,0.14626806943366924,0.050000000000000044,352.2924089534857
675,-1.0,7,3920.9264522021904,0.050000000000000044,352.28810674822677
676,-365.0,120,0.08749491113121621,0.050000000000000044,352.0103813721266
677,-360.0,120,0.06770009228105968,0.050000000000000044,352.266606022697
678,-25.0,15,1836.1600119372986,0.050000000000000044,352.3148061836885
679,-370.0,120,0.3294511840872777,0.050000000000000044,352.0840131896789
680,-365.0,120,0.23331135583187765,0.050000000000000044,351.84693493762313
681,-255.0,90,307.5996886011032,0.050000000000000044,351.75482517124055
682,-370.0,120,0.20370455987285824,0.050000000000000044,351.33862872056926
683,-365.0,120,0.4161035104945768,0.050000000000000044,350.92135425904195
684,-13.0,11,2473.9713291962926,0.050000000000000044,350.78421073360755
685,-4.0,8,3361.502046397538,0.050000000000000044,350.5725952370636
686,-375.0,120,0.6523324081887646,0.050000000000000044,350.176333928708
687,-370.0,120,0.0758115728929018,0.050000000000000044,350.3825253383793
688,-360.0,120,0.2248621569829993,0.050000000000000044,350.502189945013
689,-380.0,120,0.05631505817679378,0.050000000000000044,351.1457474290412
690,-375.0,120,0.09534090986514153,0.050000000000000044,351.37146476343236
691,-370.0,120,0.13925433953603109,0.050000000000000044,351.8037616608867
692,-360.0,120,0.1784282883978449,0.050000000000000044,351.65114993413573
693,-202.0,74,368.19763946412695,0.050000000000000044,351.0965634622475
694,-127.0,44,622.1963238819682,0.050000000000000044,350.9287677007971
695,5.0,5,5419.801425671996,0.050000000000000044,350.79003468955614
696,17.0,1,27135.81640625,0.050000000000000044,350.72200084254763
697,8.0,4,6763.256899490138,0.050000000000000044,350.49175275603847
698,-385.0,120,0.582884750678204,0.050000000000000044,349.9180596046737
699,-370.0,120,0.09533918030404796,0.050000000000000044,350.38526786595924
700,-360.0,120,0.035457810187169043,0.050000000000000044,350.77730649231
701,-360.0,120,0.32239520020472506,0.050000000000000044,350.50664223378135
702,-360.0,120,0.4965057975108114,0.050000000000000044,349.8693227031344
703,-360.0,120,0.10009386663053495,0.050000000000000044,350.25139409073023
704,-360.0,120,0.11519640271241466,0.050000000000000044,350.69714609795443
705,-365.0,120,0.291800987534225,0.050000000000000044,351.0380365786591
706,-360.0,120,0.11738632889076446,0.050000000000000044,351.0479734843943
707,14.0,2,13560.36847602867,0.050000000000000044,351.0191579084395
708,2.0,6,4553.04971257508,0.050000000000000044,350.8946712512175
709,14.0,2,13416.441736325622,0.050000000000000044,350.79405461039386
710,-133.0,51,541.5325304443683,0.050000000000000044,350.087745697418
711,-360.0,120,0.1466515474273668,0.050000000000000044,350.06102146625807
712,-360.0,120,0.04914859089961586,0.050000000000000044,350.6286207477935
713,-100.0,40,689.1928710541339,0.050000000000000044,350.86275918263254
714,-360.0,120,0.11990878378467945,0.050000000000000044,351.13001731908366
715,-223.0,81,338.63417214302655,0.050000000000000044,351.0290452726099
716,-360.0,120,0.08680847974028438,0.050000000000000044,350.85162016869754
717,-360.0,120,0.20436997264429616,0.050000000000000044,350.93496214576567
718,11.0,3,9139.994169354439,0.050000000000000044,350.9051354176795
719,-360.0,120,0.19521987539483235,0.050000000000000044,350.52435052717806
720,-360.0,120,0.046919037194068855,0.050000000000000044,350.6475650047352
721,-365.0,120,0.05206485559271338,0.050000000000000044,351.05538981583805
722,-365.0,120,0.049069193438238776,0.050000000000000044,351.3916473733404
723,-360.0,120,0.1547881384632395,0.050000000000000044,351.46651467458463
724,5.0,5,5471.11474413611,0.050000000000000044,351.45161028938253
725,-360.0,120,0.14896999991227253,0.050000000000000044,351.30519472924107
726,-360.0,120,0.0949637241991392,0.050000000000000044,351.53951035943317
727,-360.0,120,0.06839846894727089,0.050000000000000044,351.56581109551877
728,-360.0,120,0.2458996745777161,0.050000000000000044,351.7875224300885
729,-370.0,120,0.2989539557757477,0.050000000000000044,351.8929280512753
730,-365.0,120,0.6101363836089149,0.050000000000000044,351.3319521834016
731,-360.0,120,0.035291632501563676,0.050000000000000044,351.69653556013316
732,-360.0,120,0.09094755372110133,0.050000000000000044,351.5422160815113
733,-360.0,120,0.08590482276049442,0.050000000000000044,352.04364852777843
734,-365.0,120,0.11161681691883132,0.050000000000000044,352.3346354142607
735,-360.0,120,0.22428841017729914,0.050000000000000044,352.1604581455022
736,2.0,6,4578.292381105634,0.050000000000000044,352.1658267510492
737,-365.0,120,0.3003269756406856,0.050000000000000044,351.77230961589345
738,-360.0,120,0.10805200850008986,0.050000000000000044,351.9401693647657
739,-40.0,20,1372.1325919714873,0.050000000000000044,351.9020748908707
740,5.0,5,5443.490339014726,0.050000000000000044,351.77114364313627
741,-365.0,120,0.0896159706695471,0.050000000000000044,351.4195209254887
742,-265.0,95,286.18138658192595,0.050000000000000044,351.3025538976339
743,-16.0,12,2251.3641618708302,0.050000000000000044,351.0600965735781
744,-360.0,120,0.31348047802457585,0.050000000000000044,349.6491098229767
745,-360.0,120,0.10294448758553093,0.050000000000000044,350.13955922960207
746,-360.0,120,0.35292396788524155,0.050000000000000044,350.28526878995353
747,-365.0,120,0.665793292230228,0.050000000000000044,349.6778428067755
748,-365.0,120,0.11526439999191401,0.050000000000000044,350.25797970032033
749,8.0,4,6740.102630873735,0.050000000000000044,350.22977948412665
750,-360.0,120,0.33029928167622224,0.050000000000000044,350.34452351399756
751,-360.0,120,0.07219684918527491,0.050000000000000044,350.6185549764159
752,-49.0,23,1185.1888600176544,0.050000000000000044,350.7148057895475
753,-360.0,120,0.08910991374480849,0.050000000000000044,350.7371032910547
754,-360.0,120,0.15931160420683835,0.050000000000000044,351.02315851308157
755,-365.0,120,0.09167042367820007,0.050000000000000044,351.32082804574793
756,-115.0,45,611.5681968768645,0.050000000000000044,351.4002625657101
757,-360.0,120,0.1746757339045871,0.050000000000000044,351.27670049762764
758,-360.0,120,0.023040857115605225,0.050000000000000044,351.4770951818909
759,-360.0,120,0.1213501908738787,0.050000000000000044,351.53944368840035
760,-360.0,120,0.10186379257162723,0.050000000000000044,351.7672348300791
761,-360.0,120,0.3283836766204331,0.050000000000000044,351.7507218365017
762,-360.0,120,0.139689395679549,0.050000000000000044,351.8548562173755
763,-360.0,120,0.19879835907098217,0.050000000000000044,351.90495543008484
764,-360.0,120,0.012390522158239037,0.050000000000000044,352.19985004965577
765,-267.0,94,302.17579888508834,0.050000000000000044,351.97978013658684
766,14.0,2,13756.709643243928,0.050000000000000044,351.88254876449895
767,-360.0,120,0.2179215210819772,0.050000000000000044,351.1985505024188
768,-64.0,28,974.1763466381983,0.050000000000000044,351.20224875596966
769,-375.0,120,0.3153639161124981,0.050000000000000044,350.75933255581384
770,14.0,2,13640.574766296893,0.050000000000000044,350.7435517048033
771,-360.0,120,0.23791613675227077,0.050000000000000044,350.716693669905
772,-360.0,120,0.574177073794029,0.050000000000000044,350.22779975146176
773,-360.0,120,0.3169424803520087,0.050000000000000044,350.38262010086913
774,-259.0,93,295.2998512691032,0.050000000000000044,350.5175581818263
775,-360.0,120,0.2185494729298322,0.050000000000000044,350.35422922736353
776,-160.0,60,455.33038960829145,0.050000000000000044,350.1969590905238
777,-365.0,120,0.07682869476266205,0.050000000000000044,350.09857986715684
778,-365.0,120,0.12243654015862072,0.050000000000000044,350.40705681927983
779,-365.0,120,0.25208798959696044,0.050000000000000044,350.57864555438914
780,2.0,6,4554.81884345226,0.050000000000000044,350.53682603436977
781,-360.0,120,0.19388141780315588,0.050000000000000044,350.41765259472874
782,-365.0,120,0.19567001664545386,0.050000000000000044,350.223332764252
783,-13.0,11,2479.9446403987026,0.050000000000000044,350.252169202776
784,14.0,2,13509.548899263144,0.050000000000000044,350.1745993072599
785,-370.0,120,0.10770278843313766,0.050000000000000044,349.75147426422666
786,-4.0,8,3352.627273141872,0.050000000000000044,349.52696829071715
787,-370.0,120,0.4652364474895876,0.050000000000000044,348.6970445906446
788,-365.0,120,0.10147870723740197,0.050000000000000044,348.85225315489936
789,-360.0,120,0.12763779209150622,0.050000000000000044,349.11054391839843
790,-365.0,120,0.6267569283838383,0.050000000000000044,348.36836197479244
791,-360.0,120,0.30097201688331554,0.050000000000000044,348.50785164218325
792,11.0,3,8958.111943999926,0.050000000000000044,348.48962054127236
793,-360.0,120,0.12272188931625957,0.050000000000000044,348.8355069907592
794,-208.0,76,363.41818952260195,0.050000000000000044,349.2551113620243
795,-360.0,120,0.25493245855905117,0.050000000000000044,348.8693904063525
796,-370.0,120,0.3302321542209635,0.050000000000000044,348.4407903432088
797,-360.0,120,0.06093421784462407,0.050000000000000044,348.89879778203596
798,11.0,3,9038.30841963808,0.050000000000000044,348.9017143122114
799,-365.0,120,0.14309319309541024,0.050000000000000044,349.11353140848036
800,-360.0,120,0.03152239515717762,0.050000000000000044,349.5562700589134
